,LSI,coc,pH,SI_CaCO3,SI_TCP,SI_Gyp,SI_SiO2,mu_flow,evap_rate,Operation_days,HTI,Op_hours
0,1.3024775230279513,3.2722446893999475,8.051612792472012,20.7577,127.066,0.0249862,4.75632e-17,129.60841031771412,90.0,365,70.0000000000003,24
